[{
        "modelo": "Audi A1",
        "fechaDeCompra": "2013-03-09T06:52:24.250Z",
        "puertas": 6
    },
    {
        "modelo": "Audi A1",
        "fechaDeCompra": "2011-06-15T06:04:08.303Z",
        "puertas": 3
    },
    {
        "modelo": "Bugatti Chiron",
        "fechaDeCompra": "2020-09-10T03:36:46.089Z",
        "puertas": 5
    },
    {
        "modelo": "Abarth 595",
        "fechaDeCompra": "2021-11-20T14:51:24.794Z",
        "puertas": 2
    },
    {
        "modelo": "Audi A1",
        "fechaDeCompra": "2019-02-20T04:59:58.851Z",
        "puertas": 4
    },
    {
        "modelo": "Abarth 595",
        "fechaDeCompra": "2006-04-25T15:50:22.647Z",
        "puertas": 2
    },
    {
        "modelo": "Bugatti Chiron",
        "fechaDeCompra": "2009-03-22T08:35:39.424Z",
        "puertas": 6
    },
    {
        "modelo": "Audi A1",
        "fechaDeCompra": "2014-12-28T01:42:33.229Z",
        "puertas": 3
    },
    {
        "modelo": "Audi A1",
        "fechaDeCompra": "2005-12-01T04:44:28.145Z",
        "puertas": 5
    },
    {
        "modelo": "Abarth 595",
        "fechaDeCompra": "2000-12-20T03:42:25.326Z",
        "puertas": 5
    },
    {
        "modelo": "Abarth 595",
        "fechaDeCompra": "2004-01-04T17:02:27.087Z",
        "puertas": 3
    },
    {
        "modelo": "Bugatti Chiron",
        "fechaDeCompra": "2011-08-19T09:47:54.508Z",
        "puertas": 4
    },
    {
        "modelo": "Audi A1",
        "fechaDeCompra": "2020-06-06T09:32:13.993Z",
        "puertas": 6
    },
    {
        "modelo": "Audi A1",
        "fechaDeCompra": "2013-09-11T16:30:58.468Z",
        "puertas": 5
    },
    {
        "modelo": "Bugatti Chiron",
        "fechaDeCompra": "2011-06-26T16:22:52.208Z",
        "puertas": 3
    },
    {
        "modelo": "Audi A1",
        "fechaDeCompra": "2015-05-01T15:29:19.145Z",
        "puertas": 2
    },
    {
        "modelo": "Abarth 595",
        "fechaDeCompra": "2009-01-28T16:33:22.440Z",
        "puertas": 3
    },
    {
        "modelo": "Audi A1",
        "fechaDeCompra": "2004-01-16T15:55:02.890Z",
        "puertas": 2
    },
    {
        "modelo": "Bugatti Chiron",
        "fechaDeCompra": "2017-08-23T10:53:09.118Z",
        "puertas": 2
    },
    {
        "modelo": "Bugatti Chiron",
        "fechaDeCompra": "2008-08-14T08:08:49.302Z",
        "puertas": 4
    }
]